"key","name","item_type","price","old_rarity","new_rarity","rarity_changed","old_tier","new_tier","tier_delta","anomaly_flags"
"0000_srd_acid","Acid","Potion","25","Common","Common","False","1","1","0",""
"0000_srd_activate_folding_boat","Activate Folding Boat","Trinket","0","Common","Common","False","1","1","0",""
"0000_srd_adamantine_armor","Adamantine Armor","Equipment","400","Uncommon","Uncommon","False","2","1","-1",""
"0000_srd_air_ring_of_elemental_command","Air Ring of Elemental Command","Equipment","200000","Legendary","Legendary","False","5","4","-1","TIER_5_COLLAPSED"
"0000_srd_alchemists_fire","Alchemist's Fire","Potion","50","Common","Common","False","1","1","0",""
"0000_srd_alchemists_supplies","Alchemist's Supplies","Tool","50","Common","Common","False","1","1","0",""
"0000_srd_ammunition_1_2_or_3","Ammunition, +1, +2, or +3","Ammo","0","Common","Common","False","1","1","0",""
"0000_srd_ammunition_varies","Ammunition (Varies)","Gear","0","Common","Common","False","1","1","0",""
"0000_srd_ammunition_of_slaying","Ammunition of Slaying","Ammo","0","Veryrare","Veryrare","False","4","3","-1","ZERO_PRICE_HIGH_RARITY"
"0000_srd_amulet_of_health","Amulet of Health","Equipment","4000","Rare","Rare","False","3","2","-1",""
"0000_srd_amulet_of_proof_against_detection_and_location","Amulet of Proof against Detection and Location","Equipment","400","Uncommon","Uncommon","False","2","1","-1",""
"0000_srd_amulet_of_the_planes","Amulet of the Planes","Equipment","40000","Veryrare","Veryrare","False","4","3","-1",""
"0000_srd_amulet","Amulet","Trinket","5","Common","Common","False","1","1","0",""
"0000_srd_animated_shield","Animated Shield","Shield","40010","Veryrare","Veryrare","False","4","3","-1",""
"0000_srd_antitoxin","Antitoxin","Potion","50","Common","Common","False","1","1","0",""
"0000_srd_apparatus_of_the_crab","Apparatus of the Crab","Equipment","200000","Legendary","Legendary","False","5","4","-1","TIER_5_COLLAPSED"
"0000_srd_arcane_focus_varies","Arcane Focus (Varies)","Gear","0","Common","Common","False","1","1","0",""
"0000_srd_armor_1_2_or_3","Armor, +1, +2, or +3","Equipment","0","Common","Common","False","1","1","0",""
"0000_srd_armor_of_invulnerability","Armor of Invulnerability","Heavy Armor","201500","Legendary","Legendary","False","5","4","-1","TIER_5_COLLAPSED"
"0000_srd_armor_of_resistance","Armor of Resistance","Equipment","4000","Rare","Rare","False","3","2","-1",""
"0000_srd_armor_of_vulnerability","Armor of Vulnerability","Equipment","4000","Rare","Rare","False","3","2","-1",""
"0000_srd_arrow_catching_shield","Arrow-Catching Shield","Shield","4000","Rare","Rare","False","3","2","-1",""
"0000_srd_arrows","Arrows","Ammo","1","Common","Common","False","1","1","0",""
"0000_srd_assassins_blood","Assassin's Blood","Poison","150","Common","Common","False","1","1","0",""
"0000_srd_backpack","Backpack","Container","2","Common","Common","False","1","1","0",""
"0000_srd_bag_of_beans","Bag of Beans","Equipment","2000","Rare","Rare","False","3","2","-1",""
"0000_srd_bag_of_devouring","Bag of Devouring","Container","40000","Veryrare","Veryrare","False","4","3","-1",""
"0000_srd_bag_of_holding","Bag of Holding","Container","400","Uncommon","Uncommon","False","2","1","-1",""
"0000_srd_bagpipes","Bagpipes","Tool","30","Common","Common","False","1","1","0",""
"0000_srd_balance","Balance","Trinket","0","Common","Common","False","1","1","0",""
"0000_srd_ball_bearings","Ball Bearings","Trinket","1","Common","Common","False","1","1","0",""
"0000_srd_barrel","Barrel","Container","2","Common","Common","False","1","1","0",""
"0000_srd_basket","Basket","Container","4","Common","Common","False","1","1","0",""
"0000_srd_battleaxe","Battleaxe","Martial Melee Weapon","10","Common","Common","False","1","1","0",""
"0000_srd_bead_of_force","Bead of Force","Trinket","2000","Rare","Rare","False","3","2","-1",""
"0000_srd_bead_of_nourishment","Bead of Nourishment","Trinket","50","Common","Common","False","1","1","0",""
"0000_srd_bedroll","Bedroll","Gear","1","Common","Common","False","1","1","0",""
"0000_srd_bell","Bell","Trinket","1","Common","Common","False","1","1","0",""
"0000_srd_belt_of_dwarvenkind","Belt of Dwarvenkind","Equipment","4000","Rare","Rare","False","3","2","-1",""
"0000_srd_belt_of_giant_strength_cloud","Belt of Giant Strength (cloud)","Equipment","200000","Legendary","Legendary","False","5","4","-1","TIER_5_COLLAPSED"
"0000_srd_belt_of_giant_strength_fire","Belt of Giant Strength (fire)","Equipment","40000","Veryrare","Veryrare","False","4","3","-1",""
"0000_srd_belt_of_giant_strength_frost","Belt of Giant Strength (frost)","Equipment","40000","Veryrare","Veryrare","False","4","3","-1",""
"0000_srd_belt_of_giant_strength_hill","Belt of Giant Strength (hill)","Equipment","4000","Rare","Rare","False","3","2","-1",""
"0000_srd_belt_of_giant_strength_stone","Belt of Giant Strength (stone)","Equipment","40000","Veryrare","Veryrare","False","4","3","-1",""
"0000_srd_belt_of_giant_strength_storm","Belt of Giant Strength (storm)","Equipment","200000","Legendary","Legendary","False","5","4","-1","TIER_5_COLLAPSED"
"0000_srd_belt_of_giant_strength","Belt of Giant Strength","Equipment","0","Common","Common","False","1","1","0",""
"0000_srd_berserker_axe","Berserker Axe","Martial Melee Weapon","4000","Rare","Rare","False","3","2","-1",""
"0000_srd_blanket","Blanket","Gear","5","Common","Common","False","1","1","0",""
"0000_srd_block_and_tackle","Block and Tackle","Gear","1","Common","Common","False","1","1","0",""
"0000_srd_blowgun","Blowgun","Martial Ranged Weapon","10","Common","Common","False","1","1","0",""
"0000_srd_bolts","Bolts","Ammo","1","Common","Common","False","1","1","0",""
"0000_srd_book","Book","Gear","25","Common","Common","False","1","1","0",""
"0000_srd_boots_of_elvenkind","Boots of Elvenkind","Equipment","400","Uncommon","Uncommon","False","2","1","-1",""
"0000_srd_boots_of_levitation","Boots of Levitation","Equipment","4000","Rare","Rare","False","3","2","-1",""
"0000_srd_boots_of_speed","Boots of Speed","Equipment","4000","Rare","Rare","False","3","2","-1",""
"0000_srd_boots_of_striding_and_springing","Boots of Striding and Springing","Equipment","400","Uncommon","Uncommon","False","2","1","-1",""
"0000_srd_boots_of_the_winterlands","Boots of the Winterlands","Equipment","400","Uncommon","Uncommon","False","2","1","-1",""
"0000_srd_bottle_glass","Bottle, Glass","Container","2","Common","Common","False","1","1","0",""
"0000_srd_bowl_of_commanding_water_elementals","Bowl of Commanding Water Elementals","Equipment","4000","Rare","Rare","False","3","2","-1",""
"0000_srd_bracers_of_archery","Bracers of Archery","Equipment","400","Uncommon","Uncommon","False","2","1","-1",""
"0000_srd_bracers_of_defense","Bracers of Defense","Equipment","4000","Rare","Rare","False","3","2","-1",""
"0000_srd_brass_horn_of_valhalla","Brass Horn of Valhalla","Equipment","4000","Rare","Rare","False","3","2","-1",""
"0000_srd_brazier_of_commanding_fire_elementals","Brazier of Commanding Fire Elementals","Equipment","4000","Rare","Rare","False","3","2","-1",""
"0000_srd_breastplate","Breastplate","Medium Armor","400","Common","Common","False","1","1","0","RARITY_PRICE_MISMATCH_NOAUTO:mundane_type=Medium Armor"
"0000_srd_brewers_supplies","Brewer's Supplies","Tool","20","Common","Common","False","1","1","0",""
"0000_srd_bronze_griffon","Bronze Griffon","Equipment","4000","Rare","Rare","False","3","2","-1",""
"0000_srd_bronze_horn_of_valhalla","Bronze Horn of Valhalla","Equipment","40000","Veryrare","Veryrare","False","4","3","-1",""
"0000_srd_brooch_of_shielding","Brooch of Shielding","Equipment","400","Uncommon","Uncommon","False","2","1","-1",""
"0000_srd_broom_of_flying","Broom of Flying","Equipment","400","Uncommon","Uncommon","False","2","1","-1",""
"0000_srd_bucket","Bucket","Container","5","Common","Common","False","1","1","0",""
"0000_srd_bullets_firearm","Bullets, Firearm","Ammo","3","Common","Common","False","1","1","0",""
"0000_srd_bullets_sling","Bullets, Sling","Ammo","4","Common","Common","False","1","1","0",""
"0000_srd_bullseye_lantern","Bullseye Lantern","Trinket","10","Common","Common","False","1","1","0",""
"0000_srd_burglars_pack","Burglar's Pack","Container","16","Common","Common","False","1","1","0",""
"0000_srd_burnt_othur_fumes","Burnt Othur Fumes","Poison","500","Common","Common","False","1","1","0","RARITY_PRICE_MISMATCH_NOAUTO:mundane_type=Poison"
"0000_srd_calligraphers_supplies","Calligrapher's Supplies","Tool","10","Common","Common","False","1","1","0",""
"0000_srd_caltrops","Caltrops","Trinket","1","Common","Common","False","1","1","0",""
"0000_srd_candle","Candle","Trinket","1","Common","Common","False","1","1","0",""
"0000_srd_candle_of_invocation","Candle of Invocation","Trinket","20000","Veryrare","Veryrare","False","4","3","-1",""
"0000_srd_cape_of_the_mountebank","Cape of the Mountebank","Equipment","4000","Rare","Rare","False","3","2","-1",""
"0000_srd_carpenters_tools","Carpenter's Tools","Tool","8","Common","Common","False","1","1","0",""
"0000_srd_carpet_of_flying","Carpet of Flying","Equipment","40000","Veryrare","Veryrare","False","4","3","-1",""
"0000_srd_cartographers_tools","Cartographer's Tools","Tool","15","Common","Common","False","1","1","0",""
"0000_srd_case_crossbow_bolt","Case, Crossbow Bolt","Container","1","Common","Common","False","1","1","0",""
"0000_srd_case_map_or_scroll","Case, Map or Scroll","Container","1","Common","Common","False","1","1","0",""
"0000_srd_censer_of_controlling_air_elementals","Censer of Controlling Air Elementals","Equipment","4000","Rare","Rare","False","3","2","-1",""
"0000_srd_central_pouch","Central Pouch","Container","0","Common","Common","False","1","1","0",""
"0000_srd_chain_mail","Chain Mail","Heavy Armor","75","Common","Common","False","1","1","0",""
"0000_srd_chain","Chain","Trinket","5","Common","Common","False","1","1","0",""
"0000_srd_chain_shirt","Chain Shirt","Medium Armor","50","Common","Common","False","1","1","0",""
"0000_srd_chest","Chest","Container","5","Common","Common","False","1","1","0",""
"0000_srd_chime_of_opening","Chime of Opening","Equipment","4000","Rare","Rare","False","3","2","-1",""
"0000_srd_circlet_of_blasting","Circlet of Blasting","Equipment","400","Uncommon","Uncommon","False","2","1","-1",""
"0000_srd_clawed_gauntlet","Clawed Gauntlet","Natural Weapon","0","Veryrare","Veryrare","False","4","3","-1","ZERO_PRICE_HIGH_RARITY"
"0000_srd_climbers_kit","Climber's Kit","Equipment","25","Common","Common","False","1","1","0",""
"0000_srd_cloak_of_arachnida","Cloak of Arachnida","Equipment","40000","Veryrare","Veryrare","False","4","3","-1",""
"0000_srd_cloak_of_displacement","Cloak of Displacement","Equipment","4000","Rare","Rare","False","3","2","-1",""
"0000_srd_cloak_of_elvenkind","Cloak of Elvenkind","Equipment","400","Uncommon","Uncommon","False","2","1","-1",""
"0000_srd_cloak_of_invisibility","Cloak of Invisibility","Equipment","200000","Legendary","Legendary","False","5","4","-1","TIER_5_COLLAPSED"
"0000_srd_cloak_of_protection","Cloak of Protection","Equipment","400","Uncommon","Uncommon","False","2","1","-1",""
"0000_srd_cloak_of_the_bat","Cloak of the Bat","Equipment","4000","Rare","Rare","False","3","2","-1",""
"0000_srd_cloak_of_the_manta_ray","Cloak of the Manta Ray","Equipment","400","Uncommon","Uncommon","False","2","1","-1",""
"0000_srd_clothes_fine","Clothes, Fine","Clothing","15","Common","Common","False","1","1","0",""
"0000_srd_clothes_travelers","Clothes, Traveler's","Clothing","2","Common","Common","False","1","1","0",""
"0000_srd_club","Club","Simple Melee Weapon","1","Common","Common","False","1","1","0",""
"0000_srd_cobblers_tools","Cobbler's Tools","Tool","5","Common","Common","False","1","1","0",""
"0000_srd_collapsing_roof","Collapsing Roof","Equipment","0","Common","Common","False","1","1","0",""
"0000_srd_comet","Comet","Trinket","0","Common","Common","False","1","1","0",""
"0000_srd_component_pouch","Component Pouch","Container","25","Common","Common","False","1","1","0",""
"0000_srd_cooks_utensils","Cook's Utensils","Tool","1","Common","Common","False","1","1","0",""
"0000_srd_costume","Costume","Clothing","5","Common","Common","False","1","1","0",""
"0000_srd_crawler_mucus","Crawler Mucus","Poison","200","Common","Common","False","1","1","0",""
"0000_srd_crowbar","Crowbar","Gear","2","Common","Common","False","1","1","0",""
"0000_srd_crystal_ball","Crystal Ball","Equipment","40000","Veryrare","Veryrare","False","4","3","-1",""
"0000_srd_crystal_ball_of_mind_reading","Crystal Ball of Mind Reading","Equipment","200000","Legendary","Legendary","False","5","4","-1","TIER_5_COLLAPSED"
"0000_srd_crystal_ball_of_telepathy","Crystal Ball of Telepathy","Equipment","200000","Legendary","Legendary","False","5","4","-1","TIER_5_COLLAPSED"
"0000_srd_crystal_ball_of_true_seeing","Crystal Ball of True Seeing","Equipment","200000","Legendary","Legendary","False","5","4","-1","TIER_5_COLLAPSED"
"0000_srd_crystal","Crystal","Trinket","10","Common","Common","False","1","1","0",""
"0000_srd_cube_of_force","Cube of Force","Equipment","4000","Rare","Rare","False","3","2","-1",""
"0000_srd_cubic_gate","Cubic Gate","Equipment","200000","Legendary","Legendary","False","5","4","-1","TIER_5_COLLAPSED"
"0000_srd_dagger","Dagger","Simple Melee Weapon","2","Common","Common","False","1","1","0",""
"0000_srd_dagger_of_venom","Dagger of Venom","Simple Melee Weapon","4000","Rare","Rare","False","3","2","-1",""
"0000_srd_dancing_sword","Dancing Sword","Martial Melee Weapon","40000","Veryrare","Veryrare","False","4","3","-1",""
"0000_srd_dart","Dart","Simple Ranged Weapon","5","Common","Common","False","1","1","0",""
"0000_srd_decanter_of_endless_water","Decanter of Endless Water","Equipment","400","Uncommon","Uncommon","False","2","1","-1",""
"0000_srd_deck_of_illusions","Deck of Illusions","Equipment","400","Uncommon","Uncommon","False","2","1","-1",""
"0000_srd_defender","Defender","Weapon","200000","Legendary","Legendary","False","5","4","-1","TIER_5_COLLAPSED"
"0000_srd_demon_armor","Demon Armor","Equipment","40000","Veryrare","Veryrare","False","4","3","-1",""
"0000_srd_dice","Dice","Tool","1","Common","Common","False","1","1","0",""
"0000_srd_dimensional_shackles","Dimensional Shackles","Equipment","4000","Rare","Rare","False","3","2","-1",""
"0000_srd_diplomats_pack","Diplomat's Pack","Container","39","Common","Common","False","1","1","0",""
"0000_srd_disguise_kit","Disguise Kit","Tool","25","Common","Common","False","1","1","0",""
"0000_srd_donjon","Donjon","Trinket","0","Common","Common","False","1","1","0",""
"0000_srd_dragon_orb","Dragon Orb","Equipment","0","Artifact","Artifact","False","5","4","-1","TIER_5_COLLAPSED"
"0000_srd_dragon_scale_mail","Dragon Scale Mail","Medium Armor","40050","Veryrare","Veryrare","False","4","3","-1",""
"0000_srd_dragon_slayer","Dragon Slayer","Weapon","4000","Rare","Rare","False","3","2","-1",""
"0000_srd_dragonchess","Dragonchess","Tool","1","Common","Common","False","1","1","0",""
"0000_srd_druidic_focus_varies","Druidic Focus (Varies)","Gear","0","Common","Common","False","1","1","0",""
"0000_srd_drum","Drum","Tool","6","Common","Common","False","1","1","0",""
"0000_srd_dulcimer","Dulcimer","Tool","25","Common","Common","False","1","1","0",""
"0000_srd_dungeoneers_pack","Dungeoneer's Pack","Container","12","Common","Common","False","1","1","0",""
"0000_srd_dust_of_disappearance","Dust of Disappearance","Consumable","200","Uncommon","Uncommon","False","2","1","-1",""
"0000_srd_dust_of_dryness","Dust of Dryness","Consumable","200","Uncommon","Uncommon","False","2","1","-1",""
"0000_srd_dust_of_sneezing_and_choking","Dust of Sneezing and Choking","Consumable","200","Uncommon","Uncommon","False","2","1","-1",""
"0000_srd_dwarven_plate","Dwarven Plate","Equipment","40000","Veryrare","Veryrare","False","4","3","-1",""
"0000_srd_dwarven_thrower","Dwarven Thrower","Martial Melee Weapon","40015","Veryrare","Veryrare","False","4","3","-1",""
"0000_srd_earth_ring_of_elemental_command","Earth Ring of Elemental Command","Equipment","0","Legendary","Legendary","False","5","4","-1","TIER_5_COLLAPSED;ZERO_PRICE_HIGH_RARITY"
"0000_srd_ebony_fly","Ebony Fly","Equipment","4000","Rare","Rare","False","3","2","-1",""
"0000_srd_efficient_quiver","Efficient Quiver","Container","400","Uncommon","Uncommon","False","2","1","-1",""
"0000_srd_efreeti_bottle","Efreeti Bottle","Trinket","40000","Veryrare","Veryrare","False","4","3","-1",""
"0000_srd_efreeti_chain","Efreeti Chain","Equipment","200000","Legendary","Legendary","False","5","4","-1","TIER_5_COLLAPSED"
"0000_srd_elemental_gem_blue_sapphire","Elemental Gem (Blue Sapphire)","Trinket","400","Uncommon","Uncommon","False","2","1","-1",""
"0000_srd_elemental_gem_emerald","Elemental Gem (Emerald)","Trinket","400","Uncommon","Uncommon","False","2","1","-1",""
"0000_srd_elemental_gem_red_corundum","Elemental Gem (Red Corundum)","Trinket","400","Uncommon","Uncommon","False","2","1","-1",""
"0000_srd_elemental_gem_yellow_diamond","Elemental Gem (Yellow Diamond)","Trinket","400","Uncommon","Uncommon","False","2","1","-1",""
"0000_srd_elemental_gem","Elemental Gem","Trinket","400","Uncommon","Uncommon","False","2","1","-1",""
"0000_srd_elixir_of_health","Elixir of Health","Potion","2000","Rare","Rare","False","3","2","-1",""
"0000_srd_elven_chain","Elven Chain","Equipment","4000","Rare","Rare","False","3","2","-1",""
"0000_srd_emblem","Emblem","Trinket","5","Common","Common","False","1","1","0",""
"0000_srd_energy_bow","Energy Bow","Weapon","40000","Veryrare","Veryrare","False","4","3","-1",""
"0000_srd_entertainers_pack","Entertainer's Pack","Container","40","Common","Common","False","1","1","0",""
"0000_srd_essence_of_ether","Essence of Ether","Poison","300","Common","Common","False","1","1","0",""
"0000_srd_euryale","Euryale","Trinket","0","Common","Common","False","1","1","0",""
"0000_srd_eversmoking_bottle","Eversmoking Bottle","Equipment","400","Uncommon","Uncommon","False","2","1","-1",""
"0000_srd_explorers_pack","Explorer's Pack","Container","10","Common","Common","False","1","1","0",""
"0000_srd_eyes_of_charming","Eyes of Charming","Equipment","400","Uncommon","Uncommon","False","2","1","-1",""
"0000_srd_eyes_of_minute_seeing","Eyes of Minute Seeing","Equipment","400","Uncommon","Uncommon","False","2","1","-1",""
"0000_srd_eyes_of_the_eagle","Eyes of the Eagle","Equipment","400","Uncommon","Uncommon","False","2","1","-1",""
"0000_srd_falling_net","Falling Net","Equipment","0","Common","Common","False","1","1","0",""
"0000_srd_fates","Fates","Trinket","0","Common","Common","False","1","1","0",""
"0000_srd_feather_token_anchor","Feather Token (Anchor)","Trinket","200","Uncommon","Uncommon","False","2","1","-1",""
"0000_srd_feather_token_bird","Feather Token (Bird)","Trinket","2000","Rare","Rare","False","3","2","-1",""
"0000_srd_feather_token_fan","Feather Token (Fan)","Trinket","200","Uncommon","Uncommon","False","2","1","-1",""
"0000_srd_feather_token_swan_boat","Feather Token (Swan Boat)","Trinket","2000","Rare","Rare","False","3","2","-1",""
"0000_srd_feather_token_tree","Feather Token (Tree)","Trinket","200","Uncommon","Uncommon","False","2","1","-1",""
"0000_srd_feather_token_whip","Feather Token (Whip)","Trinket","2000","Rare","Rare","False","3","2","-1",""
"0000_srd_feather_token","Feather Token","Trinket","0","Common","Common","False","1","1","0",""
"0000_srd_figurine_of_wondrous_power","Figurine of Wondrous Power","Trinket","0","Common","Common","False","1","1","0",""
"0000_srd_fine_clothes","Fine Clothes","Clothing","15","Common","Common","False","1","1","0",""
"0000_srd_fire_casting_statue","Fire-Casting Statue","Equipment","0","Common","Common","False","1","1","0",""
"0000_srd_fire_ring_of_elemental_command","Fire Ring of Elemental Command","Equipment","200000","Legendary","Legendary","False","5","4","-1","TIER_5_COLLAPSED"
"0000_srd_flail","Flail","Martial Melee Weapon","10","Common","Common","False","1","1","0",""
"0000_srd_flame_tongue","Flame Tongue","Weapon","4000","Rare","Rare","False","3","2","-1",""
"0000_srd_flames","Flames","Trinket","0","Common","Common","False","1","1","0",""
"0000_srd_flask","Flask","Container","2","Common","Common","False","1","1","0",""
"0000_srd_flute","Flute","Tool","2","Common","Common","False","1","1","0",""
"0000_srd_folding_boat","Folding Boat","Container","7000","Rare","Rare","False","3","2","-1",""
"0000_srd_fool","Fool","Trinket","0","Common","Common","False","1","1","0",""
"0000_srd_forgery_kit","Forgery Kit","Tool","15","Common","Common","False","1","1","0",""
"0000_srd_frost_brand","Frost Brand","Martial Melee Weapon","40000","Veryrare","Veryrare","False","4","3","-1",""
"0000_srd_gauntlets_of_ogre_power","Gauntlets of Ogre Power","Equipment","400","Uncommon","Uncommon","False","2","1","-1",""
"0000_srd_gem","Gem","Trinket","0","Common","Common","False","1","1","0",""
"0000_srd_gem_of_brightness","Gem of Brightness","Equipment","200","Uncommon","Uncommon","False","2","1","-1",""
"0000_srd_gem_of_seeing","Gem of Seeing","Equipment","4000","Rare","Rare","False","3","2","-1",""
"0000_srd_giant_slayer","Giant Slayer","Weapon","4000","Rare","Rare","False","3","2","-1",""
"0000_srd_glaive","Glaive","Martial Melee Weapon","20","Common","Common","False","1","1","0",""
"0000_srd_glamoured_studded_leather","Glamoured Studded Leather","Light Armor","0","Rare","Rare","False","3","2","-1",""
"0000_srd_glassblowers_tools","Glassblower's Tools","Tool","30","Common","Common","False","1","1","0",""
"0000_srd_gloves_of_missile_snaring","Gloves of Missile Snaring","Equipment","400","Uncommon","Uncommon","False","2","1","-1",""
"0000_srd_gloves_of_swimming_and_climbing","Gloves of Swimming and Climbing","Equipment","400","Uncommon","Uncommon","False","2","1","-1",""
"0000_srd_gloves_of_thievery","Gloves of Thievery","Equipment","400","Uncommon","Uncommon","False","2","1","-1",""
"0000_srd_goggles_of_night","Goggles of Night","Equipment","400","Uncommon","Uncommon","False","2","1","-1",""
"0000_srd_golden_lions","Golden Lions","Equipment","4000","Rare","Rare","False","3","2","-1",""
"0000_srd_grappling_hook","Grappling Hook","Trinket","2","Common","Common","False","1","1","0",""
"0000_srd_gray_bag_of_tricks","Gray Bag of Tricks","Equipment","400","Uncommon","Uncommon","False","2","1","-1",""
"0000_srd_greataxe","Greataxe","Martial Melee Weapon","30","Common","Common","False","1","1","0",""
"0000_srd_greatclub","Greatclub","Simple Melee Weapon","2","Common","Common","False","1","1","0",""
"0000_srd_greatsword","Greatsword","Martial Melee Weapon","50","Common","Common","False","1","1","0",""
"0000_srd_halberd","Halberd","Martial Melee Weapon","20","Common","Common","False","1","1","0",""
"0000_srd_half_plate_armor","Half Plate Armor","Medium Armor","750","Common","Common","False","1","1","0","RARITY_PRICE_MISMATCH_NOAUTO:mundane_type=Medium Armor"
"0000_srd_hammer_of_thunderbolts","Hammer of Thunderbolts","Martial Melee Weapon","200000","Legendary","Legendary","False","5","4","-1","TIER_5_COLLAPSED"
"0000_srd_hand_crossbow","Hand Crossbow","Martial Ranged Weapon","75","Common","Common","False","1","1","0",""
"0000_srd_handaxe","Handaxe","Simple Melee Weapon","5","Common","Common","False","1","1","0",""
"0000_srd_handy_haversack","Handy Haversack","Container","4000","Common","Rare","True","1","2","1","RARITY_AUTOCORRECTED:common->rare"
"0000_srd_hat_of_disguise","Hat of Disguise","Equipment","400","Uncommon","Uncommon","False","2","1","-1",""
"0000_srd_hat_of_many_spells","Hat of Many Spells","Equipment","40000","Veryrare","Veryrare","False","4","3","-1",""
"0000_srd_headband_of_intellect","Headband of Intellect","Equipment","0","Uncommon","Uncommon","False","2","1","-1",""
"0000_srd_healers_kit","Healer's Kit","Trinket","5","Common","Common","False","1","1","0",""
"0000_srd_heavy_crossbow","Heavy Crossbow","Martial Ranged Weapon","50","Common","Common","False","1","1","0",""
"0000_srd_helm_of_brilliance","Helm of Brilliance","Light Armor","0","Veryrare","Veryrare","False","4","3","-1","ZERO_PRICE_HIGH_RARITY"
"0000_srd_helm_of_comprehending_languages","Helm of Comprehending Languages","Equipment","400","Uncommon","Uncommon","False","2","1","-1",""
"0000_srd_helm_of_telepathy","Helm of Telepathy","Equipment","400","Uncommon","Uncommon","False","2","1","-1",""
"0000_srd_helm_of_teleportation","Helm of Teleportation","Equipment","4000","Rare","Rare","False","3","2","-1",""
"0000_srd_herbalism_kit","Herbalism Kit","Tool","5","Common","Common","False","1","1","0",""
"0000_srd_hidden_pit","Hidden Pit","Equipment","0","Common","Common","False","1","1","0",""
"0000_srd_hide_armor","Hide Armor","Medium Armor","10","Common","Common","False","1","1","0",""
"0000_srd_holy_avenger","Holy Avenger","Weapon","200000","Legendary","Legendary","False","5","4","-1","TIER_5_COLLAPSED"
"0000_srd_holy_symbol_varies","Holy Symbol (Varies)","Gear","0","Common","Common","False","1","1","0",""
"0000_srd_holy_water","Holy Water","Potion","25","Common","Common","False","1","1","0",""
"0000_srd_hooded_lantern","Hooded Lantern","Trinket","10","Common","Common","False","1","1","0",""
"0000_srd_horn","Horn","Tool","3","Common","Common","False","1","1","0",""
"0000_srd_horn_of_blasting","Horn of Blasting","Equipment","4000","Rare","Rare","False","3","2","-1",""
"0000_srd_horn_of_valhalla","Horn of Valhalla","Equipment","0","Common","Common","False","1","1","0",""
"0000_srd_horseshoes_of_a_zephyr","Horseshoes of a Zephyr","Equipment","40000","Veryrare","Veryrare","False","4","3","-1",""
"0000_srd_horseshoes_of_speed","Horseshoes of Speed","Equipment","4000","Rare","Rare","False","3","2","-1",""
"0000_srd_hunting_trap","Hunting Trap","Trinket","5","Common","Common","False","1","1","0",""
"0000_srd_immovable_rod","Immovable Rod","Equipment","0","Uncommon","Uncommon","False","2","1","-1",""
"0000_srd_ink","Ink","Trinket","10","Common","Common","False","1","1","0",""
"0000_srd_ink_pen","Ink Pen","Trinket","2","Common","Common","False","1","1","0",""
"0000_srd_instant_fortress","Instant Fortress","Equipment","4000","Rare","Rare","False","3","2","-1",""
"0000_srd_ioun_stone","Ioun Stone","Equipment","0","Common","Common","False","1","1","0",""
"0000_srd_ioun_stone_of_absorption","Ioun Stone of Absorption","Equipment","40000","Veryrare","Veryrare","False","4","3","-1",""
"0000_srd_ioun_stone_of_agility","Ioun Stone of Agility","Equipment","40000","Veryrare","Veryrare","False","4","3","-1",""
"0000_srd_ioun_stone_of_awareness","Ioun Stone of Awareness","Equipment","4000","Rare","Rare","False","3","2","-1",""
"0000_srd_ioun_stone_of_fortitude","Ioun Stone of Fortitude","Equipment","40000","Veryrare","Veryrare","False","4","3","-1",""
"0000_srd_ioun_stone_of_greater_absorption","Ioun Stone of Greater Absorption","Equipment","200000","Legendary","Legendary","False","5","4","-1","TIER_5_COLLAPSED"
"0000_srd_ioun_stone_of_insight","Ioun Stone of Insight","Equipment","40000","Veryrare","Veryrare","False","4","3","-1",""
"0000_srd_ioun_stone_of_intellect","Ioun Stone of Intellect","Equipment","40000","Veryrare","Veryrare","False","4","3","-1",""
"0000_srd_ioun_stone_of_leadership","Ioun Stone of Leadership","Equipment","40000","Veryrare","Veryrare","False","4","3","-1",""
"0000_srd_ioun_stone_of_mastery","Ioun Stone of Mastery","Equipment","200000","Legendary","Legendary","False","5","4","-1","TIER_5_COLLAPSED"
"0000_srd_ioun_stone_of_protection","Ioun Stone of Protection","Equipment","4000","Rare","Rare","False","3","2","-1",""
"0000_srd_ioun_stone_of_regeneration","Ioun Stone of Regeneration","Equipment","200000","Legendary","Legendary","False","5","4","-1","TIER_5_COLLAPSED"
"0000_srd_ioun_stone_of_reserve","Ioun Stone of Reserve","Equipment","4000","Rare","Rare","False","3","2","-1",""
"0000_srd_ioun_stone_of_strength","Ioun Stone of Strength","Equipment","40000","Veryrare","Veryrare","False","4","3","-1",""
"0000_srd_ioun_stone_of_sustenance","Ioun Stone of Sustenance","Equipment","4000","Rare","Rare","False","3","2","-1",""
"0000_srd_iron_bands","Iron Bands","Equipment","4000","Rare","Rare","False","3","2","-1",""
"0000_srd_iron_flask","Iron Flask","Equipment","200000","Legendary","Legendary","False","5","4","-1","TIER_5_COLLAPSED"
"0000_srd_iron_horn_of_valhalla","Iron Horn of Valhalla","Equipment","200000","Legendary","Legendary","False","5","4","-1","TIER_5_COLLAPSED"
"0000_srd_ivory_goats","Ivory Goats","Equipment","4000","Rare","Rare","False","3","2","-1",""
"0000_srd_javelin","Javelin","Simple Melee Weapon","5","Common","Common","False","1","1","0",""
"0000_srd_javelin_of_lightning","Javelin of Lightning","Simple Melee Weapon","4005","Uncommon","Uncommon","False","2","2","0","RARITY_PRICE_MISMATCH_NOAUTO:mundane_type=Simple Melee Weapon"
"0000_srd_jester","Jester","Trinket","0","Common","Common","False","1","1","0",""
"0000_srd_jewelers_tools","Jeweler's Tools","Tool","25","Common","Common","False","1","1","0",""
"0000_srd_jug","Jug","Container","2","Common","Common","False","1","1","0",""
"0000_srd_key","Key","Trinket","0","Common","Common","False","1","1","0",""
"0000_srd_knight","Knight","Trinket","0","Common","Common","False","1","1","0",""
"0000_srd_ladder","Ladder","Gear","1","Common","Common","False","1","1","0",""
"0000_srd_lamp","Lamp","Trinket","5","Common","Common","False","1","1","0",""
"0000_srd_lance","Lance","Martial Melee Weapon","10","Common","Common","False","1","1","0",""
"0000_srd_lantern_bullseye","Lantern, Bullseye","Trinket","10","Common","Common","False","1","1","0",""
"0000_srd_lantern_hooded","Lantern, Hooded","Trinket","5","Common","Common","False","1","1","0",""
"0000_srd_lantern_of_revealing","Lantern of Revealing","Equipment","400","Uncommon","Uncommon","False","2","1","-1",""
"0000_srd_leather_armor","Leather Armor","Light Armor","10","Common","Common","False","1","1","0",""
"0000_srd_leatherworkers_tools","Leatherworker's Tools","Tool","5","Common","Common","False","1","1","0",""
"0000_srd_left_pouch","Left Pouch","Container","0","Common","Common","False","1","1","0",""
"0000_srd_light_crossbow","Light Crossbow","Simple Ranged Weapon","25","Common","Common","False","1","1","0",""
"0000_srd_light_hammer","Light Hammer","Simple Melee Weapon","2","Common","Common","False","1","1","0",""
"0000_srd_lock","Lock","Gear","10","Common","Common","False","1","1","0",""
"0000_srd_long_compartment","Long Compartment","Container","0","Common","Common","False","1","1","0",""
"0000_srd_longbow","Longbow","Martial Ranged Weapon","50","Common","Common","False","1","1","0",""
"0000_srd_longsword","Longsword","Martial Melee Weapon","15","Common","Common","False","1","1","0",""
"0000_srd_luck_blade","Luck Blade","Weapon","200000","Legendary","Legendary","False","5","4","-1","TIER_5_COLLAPSED"
"0000_srd_lute","Lute","Tool","35","Common","Common","False","1","1","0",""
"0000_srd_lyre","Lyre","Tool","30","Common","Common","False","1","1","0",""
"0000_srd_mace","Mace","Simple Melee Weapon","5","Common","Common","False","1","1","0",""
"0000_srd_mace_of_disruption","Mace of Disruption","Simple Melee Weapon","4000","Rare","Rare","False","3","2","-1",""
"0000_srd_mace_of_smiting","Mace of Smiting","Simple Melee Weapon","4000","Rare","Rare","False","3","2","-1",""
"0000_srd_mace_of_terror","Mace of Terror","Simple Melee Weapon","0","Rare","Rare","False","3","2","-1",""
"0000_srd_magical_berries","Magical Berries","Food","0","Common","Common","False","1","1","0",""
"0000_srd_magnifying_glass","Magnifying Glass","Gear","100","Common","Common","False","1","1","0",""
"0000_srd_malice","Malice","Poison","250","Common","Common","False","1","1","0",""
"0000_srd_manacles","Manacles","Trinket","2","Common","Common","False","1","1","0",""
"0000_srd_mantle_of_spell_resistance","Mantle of Spell Resistance","Equipment","4000","Rare","Rare","False","3","2","-1",""
"0000_srd_manual_of_bodily_health","Manual of Bodily Health","Equipment","0","Veryrare","Veryrare","False","4","3","-1","ZERO_PRICE_HIGH_RARITY"
"0000_srd_manual_of_gainful_exercise","Manual of Gainful Exercise","Equipment","40000","Veryrare","Veryrare","False","4","3","-1",""
"0000_srd_manual_of_golems","Manual of Golems","Equipment","40000","Veryrare","Veryrare","False","4","3","-1",""
"0000_srd_manual_of_quickness_of_action","Manual of Quickness of Action","Equipment","0","Veryrare","Veryrare","False","4","3","-1","ZERO_PRICE_HIGH_RARITY"
"0000_srd_map","Map","Gear","1","Common","Common","False","1","1","0",""
"0000_srd_map_or_scroll_case","Map or Scroll Case","Container","1","Common","Common","False","1","1","0",""
"0000_srd_marble_elephant","Marble Elephant","Equipment","4000","Rare","Rare","False","3","2","-1",""
"0000_srd_marvelous_pigments","Marvelous Pigments","Equipment","20000","Veryrare","Veryrare","False","4","3","-1",""
"0000_srd_masons_tools","Mason's Tools","Tool","10","Common","Common","False","1","1","0",""
"0000_srd_maul","Maul","Martial Melee Weapon","10","Common","Common","False","1","1","0",""
"0000_srd_medallion_of_thoughts","Medallion of Thoughts","Equipment","400","Uncommon","Uncommon","False","2","1","-1",""
"0000_srd_midnight_tears","Midnight Tears","Poison","1500","Common","Common","False","1","1","0","RARITY_PRICE_MISMATCH_NOAUTO:mundane_type=Poison"
"0000_srd_midsize_compartment","Midsize Compartment","Container","0","Common","Common","False","1","1","0",""
"0000_srd_mirror","Mirror","Gear","5","Common","Common","False","1","1","0",""
"0000_srd_mirror_of_life_trapping","Mirror of Life Trapping","Equipment","40000","Veryrare","Veryrare","False","4","3","-1",""
"0000_srd_mithral_armor","Mithral Armor","Equipment","400","Uncommon","Uncommon","False","2","1","-1",""
"0000_srd_moon","Moon","Trinket","0","Common","Common","False","1","1","0",""
"0000_srd_morningstar","Morningstar","Martial Melee Weapon","15","Common","Common","False","1","1","0",""
"0000_srd_musket","Musket","Martial Ranged Weapon","500","Common","Common","False","1","1","0","RARITY_PRICE_MISMATCH_NOAUTO:mundane_type=Martial Ranged Weapon"
"0000_srd_mysterious_deck","Mysterious Deck","Equipment","200000","Legendary","Legendary","False","5","4","-1","TIER_5_COLLAPSED"
"0000_srd_navigators_tools","Navigator's Tools","Tool","25","Common","Common","False","1","1","0",""
"0000_srd_necklace_of_adaptation","Necklace of Adaptation","Equipment","400","Uncommon","Uncommon","False","2","1","-1",""
"0000_srd_necklace_of_fireballs","Necklace of Fireballs","Equipment","2000","Rare","Rare","False","3","2","-1",""
"0000_srd_necklace_of_prayer_beads","Necklace of Prayer Beads","Equipment","4000","Rare","Rare","False","3","2","-1",""
"0000_srd_needles","Needles","Ammo","1","Common","Common","False","1","1","0",""
"0000_srd_net","Net","Trinket","1","Common","Common","False","1","1","0",""
"0000_srd_nine_lives_stealer","Nine Lives Stealer","Weapon","40000","Veryrare","Veryrare","False","4","3","-1",""
"0000_srd_oathbow","Oathbow","Weapon","40000","Veryrare","Veryrare","False","4","3","-1",""
"0000_srd_obsidian_steed","Obsidian Steed","Equipment","40000","Veryrare","Veryrare","False","4","3","-1",""
"0000_srd_oil","Oil","Potion","1","Common","Common","False","1","1","0",""
"0000_srd_oil_of_etherealness","Oil of Etherealness","Potion","2000","Rare","Rare","False","3","2","-1",""
"0000_srd_oil_of_sharpness","Oil of Sharpness","Potion","20000","Veryrare","Veryrare","False","4","3","-1",""
"0000_srd_oil_of_slipperiness","Oil of Slipperiness","Potion","200","Uncommon","Uncommon","False","2","1","-1",""
"0000_srd_oil_of_taggit","Oil of Taggit","Poison","400","Common","Common","False","1","1","0","RARITY_PRICE_MISMATCH_NOAUTO:mundane_type=Poison"
"0000_srd_onyx_dog","Onyx Dog","Equipment","4000","Rare","Rare","False","3","2","-1",""
"0000_srd_orb","Orb","Trinket","20","Common","Common","False","1","1","0",""
"0000_srd_padded_armor","Padded Armor","Light Armor","5","Common","Common","False","1","1","0",""
"0000_srd_painters_supplies","Painter's Supplies","Tool","10","Common","Common","False","1","1","0",""
"0000_srd_pale_tincture","Pale Tincture","Poison","250","Common","Common","False","1","1","0",""
"0000_srd_pan_flute","Pan Flute","Tool","12","Common","Common","False","1","1","0",""
"0000_srd_paper","Paper","Gear","2","Common","Common","False","1","1","0",""
"0000_srd_parchment","Parchment","Gear","1","Common","Common","False","1","1","0",""
"0000_srd_pearl_of_power","Pearl of Power","Equipment","400","Uncommon","Uncommon","False","2","1","-1",""
"0000_srd_perfume","Perfume","Gear","5","Common","Common","False","1","1","0",""
"0000_srd_periapt_of_health","Periapt of Health","Equipment","400","Uncommon","Uncommon","False","2","1","-1",""
"0000_srd_periapt_of_proof_against_poison","Periapt of Proof against Poison","Equipment","4000","Rare","Rare","False","3","2","-1",""
"0000_srd_periapt_of_wound_closure","Periapt of Wound Closure","Equipment","400","Uncommon","Uncommon","False","2","1","-1",""
"0000_srd_philter_of_love","Philter of Love","Potion","200","Uncommon","Uncommon","False","2","1","-1",""
"0000_srd_pike","Pike","Martial Melee Weapon","5","Common","Common","False","1","1","0",""
"0000_srd_pipe_of_smoke_monsters","Pipe of Smoke Monsters","Equipment","100","Common","Common","False","1","1","0",""
"0000_srd_pipes_of_haunting","Pipes of Haunting","Equipment","400","Uncommon","Uncommon","False","2","1","-1",""
"0000_srd_pipes_of_the_sewers","Pipes of the Sewers","Equipment","400","Uncommon","Uncommon","False","2","1","-1",""
"0000_srd_pistol","Pistol","Martial Ranged Weapon","250","Common","Common","False","1","1","0",""
"0000_srd_plate_armor","Plate Armor","Heavy Armor","1500","Common","Common","False","1","1","0","RARITY_PRICE_MISMATCH_NOAUTO:mundane_type=Heavy Armor"
"0000_srd_plate_armor_of_etherealness","Plate Armor of Etherealness","Equipment","200000","Legendary","Legendary","False","5","4","-1","TIER_5_COLLAPSED"
"0000_srd_playing_cards","Playing Cards","Tool","5","Common","Common","False","1","1","0",""
"0000_srd_poison_basic","Poison, Basic","Potion","100","Common","Common","False","1","1","0",""
"0000_srd_poisoned_darts","Poisoned Darts","Equipment","0","Common","Common","False","1","1","0",""
"0000_srd_poisoned_needle","Poisoned Needle","Equipment","0","Common","Common","False","1","1","0",""
"0000_srd_poisoners_kit","Poisoner's Kit","Tool","50","Common","Common","False","1","1","0",""
"0000_srd_pole","Pole","Gear","5","Common","Common","False","1","1","0",""
"0000_srd_portable_hole","Portable Hole","Equipment","4000","Rare","Rare","False","3","2","-1",""
"0000_srd_pot_iron","Pot, Iron","Container","2","Common","Common","False","1","1","0",""
"0000_srd_potion_of_animal_friendship","Potion of Animal Friendship","Potion","200","Uncommon","Uncommon","False","2","1","-1",""
"0000_srd_potion_of_clairvoyance","Potion of Clairvoyance","Potion","2000","Rare","Rare","False","3","2","-1",""
"0000_srd_potion_of_climbing","Potion of Climbing","Potion","50","Common","Common","False","1","1","0",""
"0000_srd_potion_of_diminution","Potion of Diminution","Potion","2000","Rare","Rare","False","3","2","-1",""
"0000_srd_potion_of_flying","Potion of Flying","Potion","20000","Veryrare","Veryrare","False","4","3","-1",""
"0000_srd_potion_of_gaseous_form","Potion of Gaseous Form","Potion","2000","Rare","Rare","False","3","2","-1",""
"0000_srd_potion_of_giant_strength_cloud","Potion of Giant Strength (Cloud)","Potion","20000","Veryrare","Veryrare","False","4","3","-1",""
"0000_srd_potion_of_giant_strength_fire","Potion of Giant Strength (Fire)","Potion","2000","Rare","Rare","False","3","2","-1",""
"0000_srd_potion_of_giant_strength_frost","Potion of Giant Strength (Frost)","Potion","2000","Rare","Rare","False","3","2","-1",""
"0000_srd_potion_of_giant_strength_hill","Potion of Giant Strength (Hill)","Potion","200","Uncommon","Uncommon","False","2","1","-1",""
"0000_srd_potion_of_giant_strength_stone","Potion of Giant Strength (Stone)","Potion","2000","Rare","Rare","False","3","2","-1",""
"0000_srd_potion_of_giant_strength_storm","Potion of Giant Strength (Storm)","Potion","100000","Legendary","Legendary","False","5","4","-1","TIER_5_COLLAPSED"
"0000_srd_potion_of_giant_strength","Potion of Giant Strength","Potion","0","Common","Common","False","1","1","0",""
"0000_srd_potion_of_growth","Potion of Growth","Potion","200","Uncommon","Uncommon","False","2","1","-1",""
"0000_srd_potion_of_healing_greater","Potion of Healing (Greater)","Potion","200","Uncommon","Uncommon","False","2","1","-1",""
"0000_srd_potion_of_healing_superior","Potion of Healing (Superior)","Potion","2000","Rare","Rare","False","3","2","-1",""
"0000_srd_potion_of_healing_supreme","Potion of Healing (Supreme)","Potion","20000","Veryrare","Veryrare","False","4","3","-1",""
"0000_srd_potion_of_healing","Potion of Healing","Potion","50","Common","Common","False","1","1","0",""
"0000_srd_potion_of_heroism","Potion of Heroism","Potion","2000","Rare","Rare","False","3","2","-1",""
"0000_srd_potion_of_invisibility","Potion of Invisibility","Potion","2000","Rare","Rare","False","3","2","-1",""
"0000_srd_potion_of_invulnerability","Potion of Invulnerability","Potion","2000","Rare","Rare","False","3","2","-1",""
"0000_srd_potion_of_longevity","Potion of Longevity","Potion","20000","Veryrare","Veryrare","False","4","3","-1",""
"0000_srd_potion_of_mind_reading","Potion of Mind Reading","Potion","2000","Rare","Rare","False","3","2","-1",""
"0000_srd_potion_of_poison","Potion of Poison","Potion","200","Uncommon","Uncommon","False","2","1","-1",""
"0000_srd_potion_of_resistance","Potion of Resistance","Potion","200","Uncommon","Uncommon","False","2","1","-1",""
"0000_srd_potion_of_speed","Potion of Speed","Potion","20000","Veryrare","Veryrare","False","4","3","-1",""
"0000_srd_potion_of_vitality","Potion of Vitality","Potion","20000","Veryrare","Veryrare","False","4","3","-1",""
"0000_srd_potion_of_water_breathing","Potion of Water Breathing","Potion","200","Uncommon","Uncommon","False","2","1","-1",""
"0000_srd_potters_tools","Potter's Tools","Tool","10","Common","Common","False","1","1","0",""
"0000_srd_pouch","Pouch","Container","5","Common","Common","False","1","1","0",""
"0000_srd_priests_pack","Priest's Pack","Container","33","Common","Common","False","1","1","0",""
"0000_srd_purple_worm_poison","Purple Worm Poison","Poison","2000","Common","Common","False","1","1","0","RARITY_PRICE_MISMATCH_NOAUTO:mundane_type=Poison"
"0000_srd_puzzle","Puzzle","Trinket","0","Common","Common","False","1","1","0",""
"0000_srd_quarterstaff","Quarterstaff","Simple Melee Weapon","2","Common","Common","False","1","1","0",""
"0000_srd_quarterstaff_of_the_acrobat","Quarterstaff of the Acrobat","Simple Melee Weapon","40000","Veryrare","Veryrare","False","4","3","-1",""
"0000_srd_quiver","Quiver","Container","1","Common","Common","False","1","1","0",""
"0000_srd_ram_portable","Ram, Portable","Gear","4","Common","Common","False","1","1","0",""
"0000_srd_rapier","Rapier","Martial Melee Weapon","25","Common","Common","False","1","1","0",""
"0000_srd_rations","Rations","Food","5","Common","Common","False","1","1","0",""
"0000_srd_reliquary","Reliquary","Trinket","5","Common","Common","False","1","1","0",""
"0000_srd_right_pouch","Right Pouch","Container","0","Common","Common","False","1","1","0",""
"0000_srd_ring_mail","Ring Mail","Heavy Armor","30","Common","Common","False","1","1","0",""
"0000_srd_ring","Ring","Equipment","0","Common","Common","False","1","1","0",""
"0000_srd_ring_of_animal_influence","Ring of Animal Influence","Equipment","4000","Rare","Rare","False","3","2","-1",""
"0000_srd_ring_of_djinni_summoning","Ring of Djinni Summoning","Equipment","200000","Legendary","Legendary","False","5","4","-1","TIER_5_COLLAPSED"
"0000_srd_ring_of_elemental_command","Ring of Elemental Command","Equipment","0","Legendary","Legendary","False","5","4","-1","TIER_5_COLLAPSED;ZERO_PRICE_HIGH_RARITY"
"0000_srd_ring_of_evasion","Ring of Evasion","Equipment","4000","Rare","Rare","False","3","2","-1",""
"0000_srd_ring_of_feather_falling","Ring of Feather Falling","Equipment","4000","Rare","Rare","False","3","2","-1",""
"0000_srd_ring_of_free_action","Ring of Free Action","Equipment","4000","Rare","Rare","False","3","2","-1",""
"0000_srd_ring_of_invisibility","Ring of Invisibility","Equipment","200000","Legendary","Legendary","False","5","4","-1","TIER_5_COLLAPSED"
"0000_srd_ring_of_jumping","Ring of Jumping","Equipment","400","Uncommon","Uncommon","False","2","1","-1",""
"0000_srd_ring_of_mind_shielding","Ring of Mind Shielding","Equipment","400","Uncommon","Uncommon","False","2","1","-1",""
"0000_srd_ring_of_protection","Ring of Protection","Equipment","4000","Rare","Rare","False","3","2","-1",""
"0000_srd_ring_of_regeneration","Ring of Regeneration","Equipment","40000","Veryrare","Veryrare","False","4","3","-1",""
"0000_srd_ring_of_resistance","Ring of Resistance","Equipment","0","Rare","Rare","False","3","2","-1",""
"0000_srd_ring_of_shooting_stars","Ring of Shooting Stars","Equipment","40000","Veryrare","Veryrare","False","4","3","-1",""
"0000_srd_ring_of_spell_storing","Ring of Spell Storing","Equipment","4000","Rare","Rare","False","3","2","-1",""
"0000_srd_ring_of_spell_turning","Ring of Spell Turning","Equipment","200000","Legendary","Legendary","False","5","4","-1","TIER_5_COLLAPSED"
"0000_srd_ring_of_swimming","Ring of Swimming","Equipment","400","Uncommon","Uncommon","False","2","1","-1",""
"0000_srd_ring_of_telekinesis","Ring of Telekinesis","Equipment","40000","Veryrare","Veryrare","False","4","3","-1",""
"0000_srd_ring_of_the_ram","Ring of the Ram","Equipment","4000","Rare","Rare","False","3","2","-1",""
"0000_srd_ring_of_three_wishes","Ring of Three Wishes","Equipment","200000","Legendary","Legendary","False","5","4","-1","TIER_5_COLLAPSED"
"0000_srd_ring_of_warmth","Ring of Warmth","Equipment","400","Uncommon","Uncommon","False","2","1","-1",""
"0000_srd_ring_of_water_walking","Ring of Water Walking","Equipment","400","Uncommon","Uncommon","False","2","1","-1",""
"0000_srd_ring_of_x_ray_vision","Ring of X-ray Vision","Equipment","4000","Rare","Rare","False","3","2","-1",""
"0000_srd_robe","Robe","Clothing","1","Common","Common","False","1","1","0",""
"0000_srd_robe_of_eyes","Robe of Eyes","Equipment","4000","Rare","Rare","False","3","2","-1",""
"0000_srd_robe_of_scintillating_colors","Robe of Scintillating Colors","Equipment","40000","Veryrare","Veryrare","False","4","3","-1",""
"0000_srd_robe_of_stars","Robe of Stars","Equipment","40000","Veryrare","Veryrare","False","4","3","-1",""
"0000_srd_robe_of_the_archmagi","Robe of the Archmagi","Equipment","200000","Legendary","Legendary","False","5","4","-1","TIER_5_COLLAPSED"
"0000_srd_robe_of_useful_items","Robe of Useful Items","Equipment","400","Uncommon","Uncommon","False","2","1","-1",""
"0000_srd_rod","Rod","Trinket","10","Common","Common","False","1","1","0",""
"0000_srd_rod_of_absorption","Rod of Absorption","Equipment","40000","Veryrare","Veryrare","False","4","3","-1",""
"0000_srd_rod_of_alertness","Rod of Alertness","Equipment","40000","Veryrare","Veryrare","False","4","3","-1",""
"0000_srd_rod_of_lordly_might","Rod of Lordly Might","Simple Melee Weapon","200000","Legendary","Legendary","False","5","4","-1","TIER_5_COLLAPSED"
"0000_srd_rod_of_resurrection","Rod of Resurrection","Equipment","200000","Legendary","Legendary","False","5","4","-1","TIER_5_COLLAPSED"
"0000_srd_rod_of_rulership","Rod of Rulership","Equipment","4000","Rare","Rare","False","3","2","-1",""
"0000_srd_rod_of_security","Rod of Security","Equipment","40000","Veryrare","Veryrare","False","4","3","-1",""
"0000_srd_rogue","Rogue","Trinket","0","Common","Common","False","1","1","0",""
"0000_srd_rolling_stone","Rolling Stone","Equipment","0","Common","Common","False","1","1","0",""
"0000_srd_rope","Rope","Trinket","1","Common","Common","False","1","1","0",""
"0000_srd_rope_of_climbing","Rope of Climbing","Equipment","400","Uncommon","Uncommon","False","2","1","-1",""
"0000_srd_rope_of_entanglement","Rope of Entanglement","Equipment","4000","Rare","Rare","False","3","2","-1",""
"0000_srd_ruin","Ruin","Trinket","0","Common","Common","False","1","1","0",""
"0000_srd_rust_bag_of_tricks","Rust Bag of Tricks","Trinket","400","Uncommon","Uncommon","False","2","1","-1",""
"0000_srd_sack","Sack","Container","1","Common","Common","False","1","1","0",""
"0000_srd_sage","Sage","Trinket","0","Common","Common","False","1","1","0",""
"0000_srd_scale_mail","Scale Mail","Medium Armor","50","Common","Common","False","1","1","0",""
"0000_srd_scarab_of_protection","Scarab of Protection","Equipment","200000","Legendary","Legendary","False","5","4","-1","TIER_5_COLLAPSED"
"0000_srd_scholars_pack","Scholar's Pack","Container","40","Common","Common","False","1","1","0",""
"0000_srd_scimitar_of_speed","Scimitar of Speed","Martial Melee Weapon","40025","Veryrare","Veryrare","False","4","3","-1",""
"0000_srd_scimitar","Scimitar","Martial Melee Weapon","25","Common","Common","False","1","1","0",""
"0000_srd_scroll","Scroll","Scroll","0","Common","Common","False","1","1","0",""
"0000_srd_sending_stones","Sending Stones","Equipment","400","Uncommon","Uncommon","False","2","1","-1",""
"0000_srd_sentinel_shield","Sentinel Shield","Shield","0","Uncommon","Uncommon","False","2","1","-1",""
"0000_srd_serpent_venom","Serpent Venom","Poison","200","Common","Common","False","1","1","0",""
"0000_srd_serpentine_owl","Serpentine Owl","Equipment","4000","Rare","Rare","False","3","2","-1",""
"0000_srd_shawm","Shawm","Tool","2","Common","Common","False","1","1","0",""
"0000_srd_shield_1_2_or_3","Shield, +1, +2, or +3","Shield","0","Common","Common","False","1","1","0",""
"0000_srd_shield_of_missile_attraction","Shield of Missile Attraction","Shield","0","Rare","Rare","False","3","2","-1",""
"0000_srd_shield_of_the_cavalier","Shield of the Cavalier","Shield","0","Veryrare","Veryrare","False","4","3","-1","ZERO_PRICE_HIGH_RARITY"
"0000_srd_shield","Shield","Shield","10","Common","Common","False","1","1","0",""
"0000_srd_short_compartment","Short Compartment","Container","0","Common","Common","False","1","1","0",""
"0000_srd_shortbow","Shortbow","Simple Ranged Weapon","25","Common","Common","False","1","1","0",""
"0000_srd_shortsword","Shortsword","Martial Melee Weapon","10","Common","Common","False","1","1","0",""
"0000_srd_shovel","Shovel","Gear","2","Common","Common","False","1","1","0",""
"0000_srd_sickle","Sickle","Simple Melee Weapon","1","Common","Common","False","1","1","0",""
"0000_srd_signal_whistle","Signal Whistle","Trinket","5","Common","Common","False","1","1","0",""
"0000_srd_silver_horn_of_valhalla","Silver Horn of Valhalla","Equipment","4000","Rare","Rare","False","3","2","-1",""
"0000_srd_silver_raven","Silver Raven","Equipment","0","Uncommon","Uncommon","False","2","1","-1",""
"0000_srd_skull","Skull","Trinket","0","Common","Common","False","1","1","0",""
"0000_srd_sling","Sling","Simple Ranged Weapon","1","Common","Common","False","1","1","0",""
"0000_srd_slippers_of_spider_climbing","Slippers of Spider Climbing","Equipment","400","Uncommon","Uncommon","False","2","1","-1",""
"0000_srd_smiths_tools","Smith's Tools","Tool","20","Common","Common","False","1","1","0",""
"0000_srd_sovereign_glue","Sovereign Glue","Equipment","100000","Legendary","Legendary","False","5","4","-1","TIER_5_COLLAPSED"
"0000_srd_spear","Spear","Simple Melee Weapon","1","Common","Common","False","1","1","0",""
"0000_srd_spell_scroll_1st_level","Spell Scroll, 1st Level","Scroll","50","Common","Common","False","1","1","0",""
"0000_srd_spell_scroll_2nd_level","Spell Scroll, 2nd Level","Scroll","200","Uncommon","Uncommon","False","2","1","-1",""
"0000_srd_spell_scroll_3rd_level","Spell Scroll, 3rd Level","Scroll","300","Uncommon","Uncommon","False","2","1","-1",""
"0000_srd_spell_scroll_4th_level","Spell Scroll, 4th Level","Scroll","2000","Rare","Rare","False","3","2","-1",""
"0000_srd_spell_scroll_5th_level","Spell Scroll, 5th Level","Scroll","3000","Rare","Rare","False","3","2","-1",""
"0000_srd_spell_scroll_6th_level","Spell Scroll, 6th Level","Scroll","20000","Veryrare","Veryrare","False","4","3","-1",""
"0000_srd_spell_scroll_7th_level","Spell Scroll, 7th Level","Scroll","25000","Veryrare","Veryrare","False","4","3","-1",""
"0000_srd_spell_scroll_8th_level","Spell Scroll, 8th Level","Scroll","30000","Veryrare","Veryrare","False","4","3","-1",""
"0000_srd_spell_scroll_9th_level","Spell Scroll, 9th Level","Scroll","100000","Legendary","Legendary","False","5","4","-1","TIER_5_COLLAPSED"
"0000_srd_spell_scroll_cantrip","Spell Scroll, Cantrip","Scroll","30","Common","Common","False","1","1","0",""
"0000_srd_spell_scroll_level_1","Spell Scroll, Level 1","Scroll","50","Common","Common","False","1","1","0",""
"0000_srd_spell_scroll","Spell Scroll","Scroll","0","Common","Common","False","1","1","0",""
"0000_srd_spellguard_shield","Spellguard Shield","Shield","0","Veryrare","Veryrare","False","4","3","-1","ZERO_PRICE_HIGH_RARITY"
"0000_srd_sphere_of_annihilation","Sphere of Annihilation","Equipment","200000","Legendary","Legendary","False","5","4","-1","TIER_5_COLLAPSED"
"0000_srd_spiders_sting","Spider's Sting","Poison","200","Common","Common","False","1","1","0",""
"0000_srd_spiked_pit","Spiked Pit","Equipment","0","Common","Common","False","1","1","0",""
"0000_srd_spikes_iron","Spikes, Iron","Gear","1","Common","Common","False","1","1","0",""
"0000_srd_splint_armor","Splint Armor","Heavy Armor","200","Common","Common","False","1","1","0",""
"0000_srd_sprig_of_mistletoe","Sprig of mistletoe","Trinket","1","Common","Common","False","1","1","0",""
"0000_srd_spyglass","Spyglass","Gear","1000","Common","Common","False","1","1","0","RARITY_PRICE_MISMATCH_NOAUTO:mundane_type=Gear"
"0000_srd_staff","Staff","Simple Melee Weapon","5","Common","Common","False","1","1","0",""
"0000_srd_staff_of_charming","Staff of Charming","Simple Melee Weapon","4000","Rare","Rare","False","3","2","-1",""
"0000_srd_staff_of_fire","Staff of Fire","Simple Melee Weapon","40000","Veryrare","Veryrare","False","4","3","-1",""
"0000_srd_staff_of_frost","Staff of Frost","Simple Melee Weapon","40000","Veryrare","Veryrare","False","4","3","-1",""
"0000_srd_staff_of_healing","Staff of Healing","Simple Melee Weapon","4000","Rare","Rare","False","3","2","-1",""
"0000_srd_staff_of_power","Staff of Power","Simple Melee Weapon","40000","Veryrare","Veryrare","False","4","3","-1",""
"0000_srd_staff_of_striking","Staff of Striking","Simple Melee Weapon","40000","Veryrare","Veryrare","False","4","3","-1",""
"0000_srd_staff_of_swarming_insects","Staff of Swarming Insects","Simple Melee Weapon","4000","Rare","Rare","False","3","2","-1",""
"0000_srd_staff_of_the_magi","Staff of the Magi","Simple Melee Weapon","200000","Legendary","Legendary","False","5","4","-1","TIER_5_COLLAPSED"
"0000_srd_staff_of_the_python","Staff of the Python","Simple Melee Weapon","400","Uncommon","Uncommon","False","2","1","-1",""
"0000_srd_staff_of_the_woodlands","Staff of the Woodlands","Simple Melee Weapon","4000","Rare","Rare","False","3","2","-1",""
"0000_srd_staff_of_thunder_and_lightning","Staff of Thunder and Lightning","Simple Melee Weapon","40000","Veryrare","Veryrare","False","4","3","-1",""
"0000_srd_staff_of_withering","Staff of Withering","Simple Melee Weapon","4000","Rare","Rare","False","3","2","-1",""
"0000_srd_star","Star","Trinket","0","Common","Common","False","1","1","0",""
"0000_srd_stone_of_controlling_earth_elementals","Stone of Controlling Earth Elementals","Equipment","4000","Rare","Rare","False","3","2","-1",""
"0000_srd_stone_of_good_luck_luckstone","Stone of Good Luck (Luckstone)","Equipment","400","Uncommon","Uncommon","False","2","1","-1",""
"0000_srd_string","String","Gear","1","Common","Common","False","1","1","0",""
"0000_srd_studded_leather_armor","Studded Leather Armor","Light Armor","45","Common","Common","False","1","1","0",""
"0000_srd_sun_blade","Sun Blade","Martial Melee Weapon","4000","Rare","Rare","False","3","2","-1",""
"0000_srd_sun","Sun","Trinket","0","Common","Common","False","1","1","0",""
"0000_srd_sword_of_life_stealing","Sword of Life Stealing","Martial Melee Weapon","4000","Rare","Rare","False","3","2","-1",""
"0000_srd_sword_of_sharpness","Sword of Sharpness","Martial Melee Weapon","40000","Veryrare","Veryrare","False","4","3","-1",""
"0000_srd_sword_of_wounding","Sword of Wounding","Weapon","4000","Rare","Rare","False","3","2","-1",""
"0000_srd_talisman_of_pure_good","Talisman of Pure Good","Equipment","200000","Legendary","Legendary","False","5","4","-1","TIER_5_COLLAPSED"
"0000_srd_talisman_of_the_sphere","Talisman of the Sphere","Equipment","200000","Legendary","Legendary","False","5","4","-1","TIER_5_COLLAPSED"
"0000_srd_talisman_of_ultimate_evil","Talisman of Ultimate Evil","Equipment","200000","Legendary","Legendary","False","5","4","-1","TIER_5_COLLAPSED"
"0000_srd_talons","Talons","Trinket","0","Common","Common","False","1","1","0",""
"0000_srd_tan_bag_of_tricks","Tan Bag of Tricks","Trinket","400","Uncommon","Uncommon","False","2","1","-1",""
"0000_srd_tent","Tent","Gear","2","Common","Common","False","1","1","0",""
"0000_srd_thieves_tools","Thieves' Tools","Tool","25","Common","Common","False","1","1","0",""
"0000_srd_three_dragon_ante","Three-dragon ante","Tool","1","Common","Common","False","1","1","0",""
"0000_srd_throne","Throne","Trinket","0","Common","Common","False","1","1","0",""
"0000_srd_thunderous_greatclub","Thunderous Greatclub","Simple Melee Weapon","40000","Veryrare","Veryrare","False","4","3","-1",""
"0000_srd_tinderbox","Tinderbox","Trinket","5","Common","Common","False","1","1","0",""
"0000_srd_tinkers_tools","Tinker's Tools","Tool","50","Common","Common","False","1","1","0",""
"0000_srd_tome_of_clear_thought","Tome of Clear Thought","Equipment","40000","Veryrare","Veryrare","False","4","3","-1",""
"0000_srd_tome_of_leadership_and_influence","Tome of Leadership and Influence","Equipment","40000","Veryrare","Veryrare","False","4","3","-1",""
"0000_srd_tome_of_understanding","Tome of Understanding","Equipment","40000","Veryrare","Veryrare","False","4","3","-1",""
"0000_srd_torch","Torch","Trinket","1","Common","Common","False","1","1","0",""
"0000_srd_torpor","Torpor","Poison","600","Common","Common","False","1","1","0","RARITY_PRICE_MISMATCH_NOAUTO:mundane_type=Poison"
"0000_srd_trident_of_fish_command","Trident of Fish Command","Martial Melee Weapon","400","Uncommon","Uncommon","False","2","1","-1",""
"0000_srd_trident","Trident","Martial Melee Weapon","5","Common","Common","False","1","1","0",""
"0000_srd_truth_serum","Truth Serum","Potion","150","Common","Common","False","1","1","0",""
"0000_srd_unarmed_strike","Unarmed Strike","Natural Weapon","0","Common","Common","False","1","1","0",""
"0000_srd_universal_solvent","Universal Solvent","Equipment","100000","Legendary","Legendary","False","5","4","-1","TIER_5_COLLAPSED"
"0000_srd_vial","Vial","Container","1","Common","Common","False","1","1","0",""
"0000_srd_vicious_weapon","Vicious Weapon","Weapon","4000","Rare","Rare","False","3","2","-1",""
"0000_srd_viol","Viol","Tool","30","Common","Common","False","1","1","0",""
"0000_srd_void","Void","Trinket","0","Common","Common","False","1","1","0",""
"0000_srd_vorpal_sword","Vorpal Sword","Weapon","200000","Legendary","Legendary","False","5","4","-1","TIER_5_COLLAPSED"
"0000_srd_wand_of_binding","Wand of Binding","Equipment","4000","Rare","Rare","False","3","2","-1",""
"0000_srd_wand_of_enemy_detection","Wand of Enemy Detection","Equipment","4000","Rare","Rare","False","3","2","-1",""
"0000_srd_wand_of_fear","Wand of Fear","Equipment","4000","Rare","Rare","False","3","2","-1",""
"0000_srd_wand_of_fireballs","Wand of Fireballs","Equipment","4000","Rare","Rare","False","3","2","-1",""
"0000_srd_wand_of_lightning_bolts","Wand of Lightning Bolts","Equipment","4000","Rare","Rare","False","3","2","-1",""
"0000_srd_wand_of_magic_detection","Wand of Magic Detection","Equipment","400","Uncommon","Uncommon","False","2","1","-1",""
"0000_srd_wand_of_magic_missiles","Wand of Magic Missiles","Equipment","400","Uncommon","Uncommon","False","2","1","-1",""
"0000_srd_wand_of_paralysis","Wand of Paralysis","Equipment","4000","Rare","Rare","False","3","2","-1",""
"0000_srd_wand_of_polymorph","Wand of Polymorph","Equipment","40000","Veryrare","Veryrare","False","4","3","-1",""
"0000_srd_wand_of_secrets","Wand of Secrets","Equipment","400","Uncommon","Uncommon","False","2","1","-1",""
"0000_srd_wand_of_the_war_mage_1_2_or_3","Wand of the War Mage, +1, +2, or +3","Equipment","0","Common","Common","False","1","1","0",""
"0000_srd_wand_of_web","Wand of Web","Equipment","400","Uncommon","Uncommon","False","2","1","-1",""
"0000_srd_wand_of_wonder","Wand of Wonder","Equipment","4000","Rare","Rare","False","3","2","-1",""
"0000_srd_wand","Wand","Trinket","10","Common","Common","False","1","1","0",""
"0000_srd_war_pick","War Pick","Martial Melee Weapon","5","Common","Common","False","1","1","0",""
"0000_srd_warhammer","Warhammer","Martial Melee Weapon","15","Common","Common","False","1","1","0",""
"0000_srd_water_fresh_pint","Water, fresh (Pint)","Food","0","Common","Common","False","1","1","0",""
"0000_srd_water_pint","Water (Pint)","Food","0","Common","Common","False","1","1","0",""
"0000_srd_water_salt_pint","Water, salt (Pint)","Food","0","Common","Common","False","1","1","0",""
"0000_srd_water_ring_of_elemental_command","Water Ring of Elemental Command","Equipment","200000","Legendary","Legendary","False","5","4","-1","TIER_5_COLLAPSED"
"0000_srd_waterskin","Waterskin","Container","2","Common","Common","False","1","1","0",""
"0000_srd_weapon_1_2_or_3","Weapon, +1, +2, or +3","Weapon","0","Common","Common","False","1","1","0",""
"0000_srd_weapon_of_warning","Weapon of Warning","Simple Melee Weapon","400","Uncommon","Uncommon","False","2","1","-1",""
"0000_srd_weavers_tools","Weaver's Tools","Tool","1","Common","Common","False","1","1","0",""
"0000_srd_well_of_many_worlds","Well of Many Worlds","Equipment","200000","Legendary","Legendary","False","5","4","-1","TIER_5_COLLAPSED"
"0000_srd_whip","Whip","Martial Melee Weapon","2","Common","Common","False","1","1","0",""
"0000_srd_wind_fan","Wind Fan","Equipment","400","Uncommon","Uncommon","False","2","1","-1",""
"0000_srd_winged_boots","Winged Boots","Equipment","400","Uncommon","Uncommon","False","2","1","-1",""
"0000_srd_wings_of_flying","Wings of Flying","Equipment","4000","Rare","Rare","False","3","2","-1",""
"0000_srd_woodcarvers_tools","Woodcarver's Tools","Tool","1","Common","Common","False","1","1","0",""
"0000_srd_wooden_staff","Wooden staff","Simple Melee Weapon","5","Common","Common","False","1","1","0",""
"0000_srd_wyvern_poison","Wyvern Poison","Poison","1200","Common","Common","False","1","1","0","RARITY_PRICE_MISMATCH_NOAUTO:mundane_type=Poison"
"0000_srd_yew_wand","Yew wand","Trinket","10","Common","Common","False","1","1","0",""
